meme_id,text_content_type,image_type,platform,hashtags_used,previous_engagement,likes,shares,comments,virality_score,viral
1,Motivational,Video,Instagram,13,3080,1948,2397,992,8230.0,1
2,Funny,Video,TikTok,10,4849,4830,840,2852,10788.0,1
3,Dark Humor,GIF,Reddit,15,9634,12487,2925,52,18415.0,1
4,Motivational,Video,Reddit,0,6502,8543,1675,1162,13636.0,1
5,Political,Image,Twitter,12,8326,6186,2666,2906,15877.0,1
6,Political,Image,TikTok,0,8317,1373,4059,1698,12038.0,1
7,Sarcastic,GIF,Facebook,20,7178,1101,1612,1852,7103.0,0
8,Dark Humor,Image,Reddit,20,201,19764,2781,445,25993.5,1
9,Dark Humor,Image,Instagram,2,8380,16589,4823,174,26496.0,1
10,Sarcastic,GIF,Reddit,16,6031,5154,4974,2154,18333.0,1
11,Dark Humor,Image,Twitter,6,9149,5788,74,1784,8612.0,1
12,Funny,Video,TikTok,16,8652,5439,1578,2611,12511.5,1
13,Sarcastic,Image,Twitter,4,7512,19712,190,2861,24383.5,1
14,Sarcastic,GIF,Twitter,1,5938,18488,1918,2781,26495.5,1
15,Sarcastic,Video,Twitter,7,9767,17351,3945,1155,26973.5,1
16,Political,Video,Facebook,16,1700,10615,3848,1774,20972.0,1
17,Political,Video,Twitter,6,225,7468,2116,2601,15601.5,1
18,Political,Video,Twitter,2,7411,1989,1455,1215,6721.5,0
19,Political,GIF,TikTok,4,9127,5918,235,1355,8420.5,1
20,Political,GIF,Instagram,0,4595,8168,680,1984,12504.0,1
21,Dark Humor,Video,Twitter,13,936,12395,130,240,13015.0,1
22,Political,Video,Twitter,11,9506,9123,4996,2423,22749.5,1
23,Political,Image,TikTok,20,879,13943,3780,2037,24558.5,1
24,Motivational,Video,Reddit,4,248,18668,3622,2226,29251.0,1
25,Funny,Image,Instagram,4,8534,14000,2885,1329,21763.5,1
26,Motivational,GIF,Facebook,3,9336,16417,2133,134,20884.0,1
27,Motivational,Image,Twitter,18,5276,6366,821,919,9386.5,1
28,Funny,Image,Facebook,16,6316,18838,4711,2482,31983.0,1
29,Funny,Video,Facebook,16,191,13254,2141,258,17923.0,1
30,Dark Humor,Image,Facebook,19,5773,18444,3979,576,27266.0,1
31,Political,GIF,Twitter,8,6964,17343,1075,1286,21422.0,1
32,Dark Humor,Image,TikTok,18,4081,1818,2716,2633,11199.5,1
33,Political,GIF,Instagram,5,2595,18261,284,254,19210.0,1
34,Sarcastic,Video,Twitter,16,6530,2053,2341,59,6823.5,0
35,Dark Humor,Image,Instagram,4,4290,16759,1172,2462,22796.0,1
36,Political,Image,Twitter,15,4530,1117,4491,2412,13717.0,1
37,Motivational,GIF,Instagram,4,1668,18003,3693,887,26719.5,1
38,Funny,Video,Reddit,4,6183,17356,3739,1532,27132.0,1
39,Political,Video,Twitter,5,3739,11909,1055,753,15148.5,1
40,Dark Humor,Video,Facebook,2,138,12404,260,1383,14998.5,1
41,Political,GIF,Facebook,7,5998,17580,1970,1899,24368.5,1
42,Dark Humor,Image,TikTok,4,440,16481,4719,913,27288.5,1
43,Dark Humor,GIF,Twitter,15,5096,18670,3874,2974,30879.0,1
44,Dark Humor,GIF,Reddit,6,9682,17825,3547,927,26309.5,1
45,Dark Humor,Video,TikTok,13,7475,19920,2132,1528,26476.0,1
46,Funny,GIF,Instagram,5,9729,16191,2591,2482,25096.0,1
47,Motivational,GIF,Instagram,16,5721,8221,2806,2722,17916.0,1
48,Political,Image,Reddit,2,9564,9059,107,1861,12064.5,1
49,Motivational,GIF,TikTok,20,6986,14639,507,949,17076.5,1
50,Sarcastic,Video,Instagram,11,7135,1997,4965,8,11939.0,1
51,Funny,GIF,Twitter,12,7020,19281,1291,2392,25451.0,1
52,Dark Humor,GIF,Twitter,13,6378,392,1222,2154,6067.0,0
53,Sarcastic,Video,Instagram,15,7182,6960,1545,1063,11644.5,1
54,Dark Humor,Video,Facebook,9,1025,2857,1141,678,6156.0,0
55,Political,Image,Facebook,15,5026,13977,4407,5,22798.5,1
56,Funny,Video,Instagram,0,3840,836,4946,306,11187.0,1
57,Sarcastic,GIF,Reddit,14,9854,393,4436,265,9662.5,1
58,Dark Humor,GIF,TikTok,13,2302,15581,3160,1934,24802.0,1
59,Sarcastic,GIF,Reddit,4,9826,10639,2254,2697,19192.5,1
60,Motivational,Video,Facebook,12,3913,9854,4074,2469,21705.5,1
61,Funny,Image,TikTok,17,4720,19755,1501,1552,25085.0,1
62,Motivational,Video,Twitter,9,4040,8812,55,2372,12480.0,1
63,Funny,GIF,Instagram,1,1911,15243,1836,839,20173.5,1
64,Motivational,GIF,Twitter,6,9420,11060,524,2623,16042.5,1
65,Sarcastic,Image,Twitter,16,6424,7885,2582,2116,16223.0,1
66,Dark Humor,Image,Facebook,1,8695,13973,1024,2906,20380.0,1
67,Funny,Video,Twitter,9,8079,5345,3090,2791,15711.5,1
68,Dark Humor,Video,Reddit,19,2800,2721,669,1740,6669.0,0
69,Funny,GIF,Facebook,10,3768,10087,4566,564,20065.0,1
70,Funny,Image,Instagram,1,372,3638,4801,2127,16430.5,1
71,Motivational,Video,Facebook,0,4886,19740,1873,1285,25413.5,1
72,Sarcastic,Image,Instagram,15,1911,7484,4057,1082,17221.0,1
73,Political,Image,Instagram,9,1501,14180,4896,265,24369.5,1
74,Political,GIF,Reddit,18,4156,16702,74,1245,18717.5,1
75,Political,Image,TikTok,7,5361,8013,23,505,8816.5,1
76,Political,GIF,Facebook,9,4598,15547,281,2785,20286.5,1
77,Funny,Video,Twitter,0,4974,16393,1925,2355,23775.5,1
78,Motivational,Video,Instagram,13,1296,12289,1010,2928,18701.0,1
79,Funny,Video,Reddit,8,9108,2326,2362,2733,11149.5,1
80,Political,Video,Facebook,10,3968,19887,2127,1033,25690.5,1
81,Motivational,Video,Facebook,6,3115,5158,1227,2202,10915.0,1
82,Sarcastic,GIF,Twitter,10,9400,6809,2599,47,12077.5,1
83,Funny,Video,Facebook,9,820,8294,4351,329,17489.5,1
84,Funny,Image,TikTok,12,1222,8330,4568,837,18721.5,1
85,Funny,GIF,Twitter,19,2603,6928,688,57,8389.5,1
86,Motivational,Image,Reddit,10,6403,7898,3292,2740,18592.0,1
87,Dark Humor,GIF,Instagram,16,8835,12956,3320,275,20008.5,1
88,Dark Humor,GIF,TikTok,8,3287,8867,1152,1486,13400.0,1
89,Motivational,Video,Instagram,15,6247,14831,2143,1814,21838.0,1
90,Dark Humor,GIF,TikTok,0,893,16394,3105,2101,25755.5,1
91,Funny,Video,Instagram,10,9858,7639,391,2176,11685.0,1
92,Dark Humor,Image,Twitter,16,5016,6352,1985,2998,14819.0,1
93,Motivational,Image,Twitter,13,3929,474,4288,2493,12789.5,1
94,Dark Humor,Video,Twitter,0,6620,8015,557,1548,11451.0,1
95,Dark Humor,Image,Reddit,0,132,8727,3395,1866,18316.0,1
96,Motivational,Image,Reddit,6,5669,13778,2085,2721,22029.5,1
97,Political,GIF,Instagram,16,7280,13726,1639,1794,19695.0,1
98,Sarcastic,GIF,TikTok,14,7444,14772,1661,1780,20764.0,1
99,Motivational,Video,Reddit,0,3921,3032,1676,2454,10065.0,1
100,Motivational,GIF,TikTok,10,5939,180,1125,1552,4758.0,0
101,Dark Humor,GIF,Reddit,7,1676,15176,1227,1365,19677.5,1
102,Motivational,GIF,Twitter,5,2175,12516,4423,2798,25559.0,1
103,Motivational,Image,Reddit,6,7912,7317,3921,446,15828.0,1
104,Funny,Video,Twitter,18,6382,680,2243,1889,7999.5,0
105,Motivational,Image,Reddit,10,9638,7390,2979,644,14314.0,1
106,Funny,GIF,Instagram,0,9961,10011,3269,673,17558.5,1
107,Funny,Image,TikTok,10,9048,11566,917,973,14859.5,1
108,Sarcastic,Video,TikTok,17,3530,17880,1307,1405,22601.5,1
109,Motivational,Image,Twitter,16,9336,987,603,1781,4864.5,0
110,Dark Humor,Video,Twitter,4,7225,1068,201,1750,4095.0,0
111,Motivational,Video,Instagram,12,9591,1329,1021,2005,6378.5,0
112,Political,GIF,Instagram,2,3454,19517,2778,848,26345.0,1
113,Motivational,GIF,Facebook,6,6450,15997,4896,1950,28714.0,1
114,Motivational,GIF,Twitter,13,7893,3530,1534,2660,10588.0,1
115,Sarcastic,Video,TikTok,3,6926,4202,317,2126,8025.0,1
116,Funny,Video,Twitter,16,3548,8430,1456,1319,13320.5,1
117,Sarcastic,Video,TikTok,0,7246,119,3814,1997,10742.5,1
118,Motivational,Image,Reddit,15,1216,10932,4612,1654,22637.0,1
119,Political,Video,Instagram,4,1713,2366,927,978,5687.0,0
120,Motivational,Image,Facebook,13,3082,8616,4994,730,19699.0,1
121,Political,Video,Reddit,5,5154,18934,2837,2271,28014.5,1
122,Political,Image,Reddit,9,4660,19288,3422,2511,29898.5,1
123,Political,Video,Twitter,2,2316,5380,603,1380,8656.0,1
124,Political,GIF,Instagram,8,3015,16332,3395,835,24374.5,1
125,Sarcastic,Video,TikTok,12,5550,1739,1955,340,6159.0,0
126,Motivational,Image,Facebook,6,1377,2697,4624,304,12401.0,1
127,Sarcastic,Video,TikTok,10,6290,7031,4313,1775,18319.5,1
128,Political,Image,Reddit,16,3732,929,4230,233,9738.5,1
129,Funny,GIF,Instagram,20,2888,19025,2474,753,25102.5,1
130,Dark Humor,GIF,Facebook,4,7292,17953,3172,1382,26370.0,1
131,Sarcastic,Video,Instagram,13,9065,16447,3098,2871,26949.5,1
132,Sarcastic,Image,TikTok,7,1866,16721,2692,244,22471.0,1
133,Sarcastic,GIF,Facebook,9,2240,12196,3593,2847,23652.5,1
134,Sarcastic,Video,Facebook,1,3328,14685,2144,247,19343.5,1
135,Funny,Video,Facebook,20,471,3366,4718,575,13664.5,1
136,Sarcastic,Image,TikTok,5,3271,10256,146,1301,12499.5,1
137,Funny,GIF,TikTok,12,8667,2793,2883,980,10029.0,1
138,Funny,GIF,Reddit,19,195,19478,2281,331,24536.5,1
139,Sarcastic,Video,Twitter,2,7124,12019,2492,700,18053.0,1
140,Dark Humor,GIF,Twitter,12,2518,9192,1102,2325,14883.5,1
141,Political,Video,Twitter,17,6165,17302,2286,388,22456.0,1
142,Dark Humor,GIF,Twitter,11,8726,17679,2944,895,24909.5,1
143,Sarcastic,GIF,Facebook,12,6486,8439,2457,1901,16204.5,1
144,Political,Image,Twitter,5,6515,13902,1212,2593,20215.5,1
145,Sarcastic,Video,Instagram,13,2187,4766,2394,1595,11946.5,1
146,Political,Image,Facebook,9,9447,16364,1982,1452,22506.0,1
147,Dark Humor,GIF,Reddit,6,6685,4152,3235,1084,12248.0,1
148,Dark Humor,Video,Instagram,19,8464,17424,4728,1840,29640.0,1
149,Motivational,GIF,Reddit,14,6104,17561,3322,641,25166.5,1
150,Political,Image,Reddit,15,3375,6321,273,763,8011.5,1
151,Funny,Video,Instagram,6,253,12431,651,2814,17954.0,1
152,Sarcastic,Image,Facebook,17,2082,14019,3764,1818,24274.0,1
153,Political,GIF,TikTok,0,9415,12677,1428,214,15854.0,1
154,Sarcastic,Video,Facebook,3,2803,4460,1674,1901,10659.5,1
155,Funny,Image,TikTok,10,5903,2809,3991,2060,13881.0,1
156,Sarcastic,Image,TikTok,19,486,9607,1890,2948,17809.0,1
157,Sarcastic,GIF,Reddit,13,7938,838,536,107,2070.5,0
158,Motivational,Video,TikTok,10,3730,17486,4392,997,27765.5,1
159,Sarcastic,Video,TikTok,15,7455,3437,4799,809,14248.5,1
160,Dark Humor,Video,Reddit,13,2157,19488,3873,1079,28852.5,1
161,Funny,GIF,Reddit,3,9682,8946,783,1170,12267.0,1
162,Political,Image,Twitter,7,2889,4284,597,1951,8404.5,1
163,Sarcastic,GIF,Instagram,10,4858,19318,4356,480,28750.0,1
164,Motivational,Image,Instagram,16,6768,3721,3241,2024,13239.0,1
165,Sarcastic,GIF,Reddit,3,374,15239,1402,2852,22321.0,1
166,Funny,GIF,Facebook,2,7230,9277,1071,581,12290.5,1
167,Political,GIF,Instagram,3,7315,4187,3014,944,11631.0,1
168,Political,GIF,Facebook,18,2067,6166,3009,439,12842.5,1
169,Sarcastic,GIF,Reddit,8,9935,14555,4482,592,24407.0,1
170,Funny,Image,Facebook,7,4219,9536,1210,1172,13714.0,1
171,Political,Video,Instagram,18,897,3905,1903,420,8341.0,1
172,Political,GIF,Facebook,17,4588,12890,2212,648,18286.0,1
173,Political,Video,Reddit,14,3418,17684,3746,2057,28261.5,1
174,Motivational,Video,TikTok,19,7301,8155,3046,1258,16134.0,1
175,Dark Humor,Video,Facebook,0,7035,6715,1082,865,10176.5,1
176,Sarcastic,Image,Instagram,19,1738,10605,1826,1049,15830.5,1
177,Political,Image,Instagram,18,4713,11833,3937,2822,23940.0,1
178,Motivational,Image,Facebook,1,2827,17891,3262,2317,27890.5,1
179,Dark Humor,Video,Facebook,20,8047,9559,4569,2048,21769.0,1
180,Political,Video,Twitter,5,8181,10295,1929,824,15389.0,1
181,Dark Humor,GIF,Instagram,17,6423,13072,2373,744,18934.0,1
182,Sarcastic,Video,Reddit,10,1196,9842,394,684,11656.0,1
183,Sarcastic,GIF,TikTok,4,4380,7713,773,1534,11560.0,1
184,Funny,Image,TikTok,16,4912,6173,955,1198,9880.0,1
185,Funny,Image,Facebook,3,7506,6241,455,2048,10223.0,1
186,Political,Image,Twitter,10,8923,2359,3653,2322,13148.0,1
187,Funny,Video,Facebook,4,9964,11462,4382,165,20473.5,1
188,Political,GIF,Reddit,10,1939,16348,270,394,17479.0,1
189,Sarcastic,Video,Facebook,15,4464,14787,1646,1892,20917.0,1
190,Political,Video,Reddit,1,313,4701,3192,1519,13363.5,1
191,Funny,Video,Facebook,3,2544,15026,969,779,18132.5,1
192,Sarcastic,Image,TikTok,11,2561,18003,2452,2219,26235.5,1
193,Motivational,Image,TikTok,17,5172,600,3195,1518,9267.0,1
194,Sarcastic,GIF,Facebook,20,4478,14161,2357,2329,22368.5,1
195,Political,Image,Reddit,9,5436,8216,1837,2020,14920.0,1
196,Funny,Video,Facebook,15,9246,1172,1829,1536,7134.0,0
197,Sarcastic,Video,Reddit,12,3318,16267,293,2708,20915.0,1
198,Political,Image,Twitter,20,3182,6268,681,2619,11558.5,1
199,Funny,Video,Instagram,14,8557,17866,729,2630,23269.0,1
200,Political,GIF,Facebook,3,7731,7848,3594,2254,18417.0,1
201,Funny,Image,TikTok,10,8044,12172,4992,127,22346.5,1
202,Dark Humor,Video,TikTok,0,6290,1916,4629,1320,13154.0,1
203,Motivational,Image,Reddit,3,2046,1658,1932,90,5657.0,0
204,Dark Humor,Video,TikTok,10,9949,14885,1941,1673,21276.5,1
205,Funny,Video,Reddit,12,8222,16488,1586,1879,22478.5,1
206,Political,Image,TikTok,1,5549,1702,4353,1861,13199.5,1
207,Funny,Image,Twitter,8,703,4840,3271,2361,14923.5,1
208,Sarcastic,GIF,Facebook,8,6767,10013,1004,1594,14412.0,1
209,Funny,Image,Twitter,18,8791,5418,4721,786,16039.0,1
210,Political,Video,Instagram,6,9450,1729,4001,55,9813.5,1
211,Political,Video,TikTok,8,302,3016,3259,961,10975.5,1
212,Funny,GIF,Instagram,4,9349,9894,2639,702,16225.0,1
213,Funny,Video,TikTok,3,7271,6890,2557,2065,15101.5,1
214,Motivational,Video,Instagram,7,6667,13213,3566,3000,24845.0,1
215,Funny,Video,TikTok,4,4162,821,3650,134,8322.0,1
216,Sarcastic,Video,Twitter,12,4224,16557,3043,915,24015.5,1
217,Motivational,Video,TikTok,8,8082,14412,928,2266,19667.0,1
218,Political,Video,Reddit,19,9684,11231,4668,944,21983.0,1
219,Sarcastic,Video,Facebook,6,8387,16698,4654,536,26810.0,1
220,Funny,Video,TikTok,15,477,8470,4610,992,19178.0,1
221,Motivational,GIF,Instagram,19,7556,10239,2697,651,16609.5,1
222,Sarcastic,Video,TikTok,0,4200,15423,201,1779,18493.5,1
223,Dark Humor,GIF,Reddit,20,9243,5125,4273,2383,17245.5,1
224,Motivational,GIF,Instagram,17,6280,18068,3880,970,27283.0,1
225,Political,GIF,TikTok,10,6053,1027,4745,181,10788.5,1
226,Funny,Image,TikTok,16,4059,7000,731,886,9791.0,1
227,Dark Humor,Image,Instagram,12,5963,18368,1503,490,22109.0,1
228,Sarcastic,Video,Twitter,0,7970,10088,2215,2981,18989.5,1
229,Funny,Image,Facebook,1,5936,16370,3433,419,23864.5,1
230,Political,Image,TikTok,12,9696,1807,4039,863,11179.5,1
231,Funny,GIF,TikTok,13,2064,9357,829,749,12138.5,1
232,Dark Humor,Image,Instagram,2,9194,17440,4305,2227,29390.5,1
233,Funny,GIF,Reddit,18,8485,6155,3513,348,13703.0,1
234,Motivational,Image,Facebook,16,7509,7769,1727,461,11914.5,1
235,Political,GIF,Reddit,5,1296,14485,611,741,16818.5,1
236,Funny,Video,Facebook,15,5725,8058,4325,2163,19952.5,1
237,Funny,Image,Twitter,19,7930,9635,408,787,11631.5,1
238,Dark Humor,Image,Facebook,17,5732,13254,3893,521,21821.5,1
239,Motivational,Image,Instagram,1,2466,4753,3127,36,11061.0,1
240,Funny,Image,Twitter,8,514,19267,4987,2901,33592.5,1
241,Funny,Image,Facebook,7,6262,11654,4388,2015,23452.5,1
242,Sarcastic,Image,Instagram,19,5374,18879,1016,1290,22846.0,1
243,Political,Video,Twitter,15,5553,17974,1484,827,22182.5,1
244,Funny,Video,Instagram,3,9368,13564,318,1819,16928.5,1
245,Motivational,GIF,Twitter,12,509,13943,3298,1126,22228.0,1
246,Motivational,GIF,Twitter,6,976,14309,4376,1371,25117.5,1
247,Sarcastic,GIF,Reddit,14,6695,16822,1325,1227,21312.5,1
248,Motivational,GIF,Instagram,7,6304,14256,940,1688,18668.0,1
249,Motivational,GIF,Facebook,5,9052,9503,4980,1038,21020.0,1
250,Dark Humor,Image,Reddit,6,5856,9790,397,2357,14119.5,1
251,Dark Humor,Image,Facebook,8,603,10401,3171,1952,19671.0,1
252,Motivational,GIF,TikTok,14,2162,3094,3936,1014,12487.0,1
253,Sarcastic,Video,Reddit,1,3431,17953,361,399,19273.5,1
254,Political,Image,Instagram,19,4201,5609,4884,2781,19548.5,1
255,Dark Humor,GIF,TikTok,12,1100,14577,3968,2597,26408.5,1
256,Dark Humor,Video,Instagram,18,1016,4814,4778,827,15610.5,1
257,Sarcastic,GIF,Instagram,1,4483,11303,2315,1746,18552.0,1
258,Funny,Image,Facebook,10,502,13525,2619,310,19228.0,1
259,Political,Video,Reddit,17,3760,16578,4406,782,26563.0,1
260,Sarcastic,Image,Twitter,18,4108,14240,3904,1677,24563.5,1
261,Funny,Image,Instagram,5,3482,3537,3443,2811,14639.5,1
262,Funny,Video,Instagram,6,1437,1400,2752,2937,11309.5,1
263,Sarcastic,Image,Twitter,15,934,11170,566,1254,14183.0,1
264,Motivational,GIF,Reddit,12,2410,5258,2762,703,11836.5,1
265,Sarcastic,Video,Instagram,11,7728,7236,4920,647,18046.5,1
266,Sarcastic,GIF,Instagram,6,2769,8844,371,2997,14081.5,1
267,Funny,Video,Twitter,19,5570,14575,3424,2848,25695.0,1
268,Political,GIF,Twitter,0,6174,3050,1218,1453,7665.5,0
269,Funny,Image,Instagram,11,5878,4423,826,2919,10453.5,1
270,Political,GIF,Reddit,12,5899,14020,4299,300,23068.0,1
271,Motivational,Video,Reddit,5,1810,7134,3146,1137,15131.5,1
272,Sarcastic,Image,Facebook,5,8609,8706,3229,2079,18282.5,1
273,Motivational,Image,Twitter,10,6969,19777,2238,575,25115.5,1
274,Dark Humor,GIF,Facebook,7,2991,19628,3005,1167,27388.5,1
275,Dark Humor,Image,Facebook,7,5292,1680,3729,1768,11790.0,1
276,Motivational,Video,Twitter,13,6518,7021,4811,1548,18965.0,1
277,Sarcastic,Image,TikTok,20,4039,17282,1610,2482,24225.0,1
278,Motivational,Image,Instagram,20,2331,5799,3303,2149,15628.5,1
279,Motivational,Image,Reddit,6,4592,6578,2278,524,11920.0,1
280,Dark Humor,Video,Reddit,12,1854,11834,2027,1307,17848.5,1
281,Motivational,GIF,Facebook,0,4716,10392,3916,2086,21353.0,1
282,Political,Video,Reddit,17,9938,9299,4418,633,19084.5,1
283,Dark Humor,Image,Twitter,5,1439,7220,417,2335,11556.5,1
284,Sarcastic,Video,Facebook,1,6307,13101,3757,1000,22115.0,1
285,Motivational,Video,Instagram,17,1150,11372,495,2468,16064.0,1
286,Funny,Image,Instagram,11,4356,6673,2094,632,11809.0,1
287,Sarcastic,GIF,Facebook,19,4386,1421,3890,2151,12427.5,1
288,Funny,Image,Reddit,13,329,8329,3735,1178,17566.0,1
289,Political,Video,TikTok,15,6666,17877,1720,1829,24060.5,1
290,Dark Humor,GIF,TikTok,17,2078,2378,81,845,3807.5,0
291,Sarcastic,GIF,Instagram,14,2315,17201,2670,1217,24366.5,1
292,Funny,GIF,Reddit,7,9925,19107,3918,195,27235.5,1
293,Sarcastic,Video,Twitter,9,1261,14778,1190,394,17749.0,1
294,Political,GIF,Reddit,16,1955,12962,3395,2456,23436.0,1
295,Political,Video,TikTok,7,4527,15740,3567,2846,27143.0,1
296,Funny,GIF,Instagram,19,6708,15061,254,1698,18116.0,1
297,Dark Humor,Image,Facebook,17,8156,4219,2434,340,9597.0,1
298,Dark Humor,Video,Facebook,11,2462,6375,513,1450,9576.0,1
299,Dark Humor,Video,Reddit,10,5890,17390,2533,2679,26474.5,1
300,Dark Humor,Video,Instagram,0,9984,8556,4687,2255,21312.5,1
301,Motivational,Video,Reddit,18,4215,7237,3868,1736,17577.0,1
302,Funny,Video,Facebook,4,728,15545,4946,1218,27264.0,1
303,Dark Humor,Video,Facebook,3,1343,3924,120,2531,7960.5,0
304,Funny,Video,Instagram,13,7194,18930,1992,826,24153.0,1
305,Political,GIF,Instagram,7,5479,12601,2220,1048,18613.0,1
306,Political,GIF,TikTok,15,4980,18922,3705,2808,30544.0,1
307,Political,Video,Reddit,19,7795,10385,2898,801,17382.5,1
308,Motivational,Video,Facebook,17,1819,12342,4317,1592,23364.0,1
309,Sarcastic,GIF,Instagram,15,5863,4265,3715,1124,13381.0,1
310,Funny,GIF,Reddit,3,5499,10456,4840,2639,24094.5,1
311,Dark Humor,Image,Twitter,19,7949,12151,2954,13,18078.5,1
312,Motivational,Image,Instagram,2,262,10925,3063,755,18183.5,1
313,Sarcastic,GIF,Facebook,12,7237,3858,800,2418,9085.0,1
314,Motivational,GIF,Facebook,17,3644,13792,2745,2328,22774.0,1
315,Sarcastic,Video,Reddit,5,1890,12065,1995,2052,19133.0,1
316,Sarcastic,GIF,Instagram,17,8329,1174,3053,2956,11714.0,1
317,Dark Humor,Video,Facebook,9,2748,6537,468,1236,9327.0,1
318,Political,GIF,Twitter,18,894,12570,4803,2328,25668.0,1
319,Dark Humor,GIF,Reddit,8,3143,3039,3544,1539,12435.5,1
320,Funny,Video,Twitter,8,1471,9063,2847,1772,17415.0,1
321,Political,Video,Twitter,18,6876,3294,4845,230,13329.0,1
322,Sarcastic,GIF,Reddit,0,1541,14862,4732,2194,27617.0,1
323,Sarcastic,GIF,Twitter,8,1429,5029,1598,2061,11316.5,1
324,Dark Humor,Video,Twitter,16,6280,6788,3304,1986,16375.0,1
325,Sarcastic,GIF,Twitter,4,468,1105,4436,1067,11577.5,1
326,Motivational,Video,Facebook,2,474,9742,3893,594,18419.0,1
327,Funny,Image,Twitter,4,3871,19607,3653,910,28278.0,1
328,Political,Video,Instagram,6,7802,5512,1866,1229,11087.5,1
329,Funny,Video,Instagram,16,1959,3100,4690,165,12727.5,1
330,Political,GIF,Twitter,14,1968,19290,3334,23,25992.5,1
331,Political,Image,Instagram,12,7405,16125,4912,2911,30315.5,1
332,Dark Humor,Image,Twitter,18,2786,13354,2997,1521,21629.5,1
333,Dark Humor,Image,TikTok,12,6812,15920,4939,1993,28787.5,1
334,Dark Humor,Image,Twitter,15,4650,6999,1310,2192,12907.0,1
335,Sarcastic,Video,TikTok,20,8444,8633,962,2674,14568.0,1
336,Dark Humor,GIF,TikTok,7,3187,3428,4833,1814,15815.0,1
337,Dark Humor,GIF,Twitter,8,6838,16663,160,1862,19776.0,1
338,Sarcastic,Image,Instagram,4,2968,19094,1691,836,23730.0,1
339,Motivational,Image,Twitter,20,1013,18933,2014,10,22976.0,1
340,Dark Humor,Video,Twitter,10,284,14835,1188,104,17367.0,1
341,Motivational,Image,Reddit,7,3297,7229,3567,1905,17220.5,1
342,Sarcastic,Image,Reddit,15,8855,10247,2913,2192,19361.0,1
343,Dark Humor,Video,Instagram,10,2360,16657,3319,409,23908.5,1
344,Sarcastic,Video,Instagram,18,3298,838,1644,2125,7313.5,0
345,Funny,GIF,TikTok,2,8230,7313,1780,252,11251.0,1
346,Political,Video,TikTok,4,7247,16546,2357,1377,23325.5,1
347,Sarcastic,Image,Twitter,19,8493,18963,4921,2468,32507.0,1
348,Political,Image,Facebook,18,4332,2128,5000,1512,14396.0,1
349,Dark Humor,Image,Reddit,6,1066,5001,2719,605,11346.5,1
350,Sarcastic,Video,Instagram,4,6766,11759,2745,474,17960.0,1
351,Political,Image,Twitter,9,504,19784,3421,1623,29060.5,1
352,Funny,GIF,Instagram,10,3053,15417,3452,2933,26720.5,1
353,Funny,Video,Reddit,11,6250,15323,4148,68,23721.0,1
354,Motivational,GIF,Instagram,7,1371,6188,1575,2789,13521.5,1
355,Sarcastic,Image,Twitter,10,7034,11962,2402,2392,20354.0,1
356,Funny,Video,Facebook,9,5435,14741,1016,1949,19696.5,1
357,Funny,Image,Reddit,11,134,19327,831,232,21337.0,1
358,Funny,GIF,Facebook,4,5048,8457,4441,1847,20109.5,1
359,Political,Video,Facebook,5,1308,8015,533,2517,12856.5,1
360,Motivational,Video,TikTok,13,9100,19823,636,673,22104.5,1
361,Political,Image,Instagram,13,9721,8549,1482,2942,15926.0,1
362,Political,Image,Facebook,4,517,10785,2082,2757,19084.5,1
363,Funny,Image,Reddit,1,5867,7553,4144,1048,17413.0,1
364,Sarcastic,GIF,Reddit,19,2188,4345,3817,291,12415.5,1
365,Sarcastic,Video,Instagram,4,4989,9289,2034,1900,16207.0,1
366,Funny,GIF,TikTok,13,3144,19641,4060,1860,30551.0,1
367,Funny,GIF,Facebook,7,1839,5408,2896,1879,14018.5,1
368,Political,Video,Instagram,7,7708,942,3112,1204,8972.0,1
369,Motivational,Image,Instagram,15,9934,4833,379,2464,9287.0,1
370,Sarcastic,Video,Reddit,8,7631,3968,3241,2766,14599.0,1
371,Political,Video,Reddit,14,2606,6638,4370,2845,19645.5,1
372,Sarcastic,Image,Instagram,10,8380,16468,2263,2695,25036.5,1
373,Funny,Video,Facebook,7,8031,11071,2981,1663,19527.5,1
374,Political,Video,TikTok,1,4901,7650,4990,1705,20187.5,1
375,Dark Humor,Video,Reddit,2,607,10253,2704,229,16004.5,1
376,Dark Humor,Image,Reddit,2,5374,7311,4330,2300,19421.0,1
377,Sarcastic,GIF,Reddit,9,5987,1074,1347,213,4087.5,0
378,Dark Humor,Video,Twitter,4,7262,11061,2620,797,17496.5,1
379,Sarcastic,Video,Reddit,20,8763,18968,2596,2887,28490.5,1
380,Dark Humor,GIF,Facebook,7,4947,17681,1305,2324,23777.0,1
381,Sarcastic,Image,Reddit,9,2612,17434,4519,216,26796.0,1
382,Funny,Image,Reddit,19,1732,5678,4502,2002,17685.0,1
383,Funny,GIF,Twitter,11,3976,17680,717,628,20056.0,1
384,Political,Video,Reddit,16,3076,5065,2198,1721,12042.5,1
385,Dark Humor,Image,Instagram,0,1213,15624,2416,1030,22001.0,1
386,Sarcastic,Image,TikTok,19,2128,3027,4095,1368,13269.0,1
387,Sarcastic,Video,TikTok,11,1615,9167,694,1593,12944.5,1
388,Funny,Image,Facebook,20,7104,2960,2794,2315,12020.5,1
389,Motivational,GIF,Twitter,5,5425,13611,403,2588,18299.0,1
390,Sarcastic,Image,Facebook,9,4593,9071,2503,647,15047.5,1
391,Sarcastic,GIF,Twitter,17,4138,7833,3190,2881,18534.5,1
392,Political,GIF,Twitter,10,9169,15756,2876,2149,24731.5,1
393,Motivational,Video,Reddit,11,8563,4138,494,1376,7190.0,0
394,Sarcastic,GIF,Facebook,14,4617,12877,4869,294,23056.0,1
395,Political,Video,Facebook,8,9557,18607,1327,1822,23994.0,1
396,Funny,Image,Twitter,12,4546,5744,2004,682,10775.0,1
397,Political,Video,Facebook,15,5556,2358,3319,1884,11822.0,1
398,Motivational,Image,Instagram,8,8616,19371,4958,2761,33428.5,1
399,Political,Video,Facebook,17,9063,778,1420,1590,6003.0,0
400,Funny,Image,Reddit,4,9312,7253,2456,2839,16423.5,1
401,Motivational,Video,Reddit,20,9926,17514,3444,776,25566.0,1
402,Sarcastic,Image,Instagram,10,2022,16925,2611,2310,25612.0,1
403,Political,GIF,Facebook,0,9015,9168,124,930,10811.0,1
404,Funny,Image,Instagram,14,3755,17943,117,2722,22260.0,1
405,Funny,GIF,TikTok,0,4665,13694,4959,2958,28049.0,1
406,Political,Video,TikTok,3,3975,14669,3501,265,22068.5,1
407,Political,GIF,Facebook,9,8544,19993,4993,1433,32128.5,1
408,Political,GIF,Instagram,0,9069,2530,4885,2592,16188.0,1
409,Motivational,Image,TikTok,15,6725,726,2218,711,6228.5,0
410,Motivational,Image,Twitter,15,161,12205,4732,2052,24747.0,1
411,Funny,Image,Facebook,0,9654,8328,1765,2290,15293.0,1
412,Sarcastic,GIF,Instagram,10,6834,10238,2473,2213,18503.5,1
413,Dark Humor,Video,TikTok,12,3391,19753,292,2545,24154.5,1
414,Funny,Video,Instagram,3,6137,17130,4711,621,27483.5,1
415,Political,GIF,Facebook,15,459,18833,1253,663,22333.5,1
416,Dark Humor,Image,Facebook,17,7856,18541,3570,1550,28006.0,1
417,Dark Humor,Image,Instagram,11,4163,19334,4162,479,28376.5,1
418,Motivational,GIF,Reddit,0,2101,15205,2852,1123,22593.5,1
419,Motivational,Image,Facebook,5,7998,8899,3114,751,16253.5,1
420,Motivational,GIF,Reddit,8,7431,15589,2617,2847,25093.5,1
421,Motivational,Video,Facebook,7,2959,1150,2198,829,6789.5,0
422,Sarcastic,Image,Twitter,17,5429,8825,3025,149,15098.5,1
423,Funny,GIF,Twitter,17,2219,8231,1969,2550,15994.0,1
424,Motivational,GIF,Twitter,10,4247,15038,108,2258,18641.0,1
425,Dark Humor,Image,Reddit,7,100,15390,2150,11,19706.5,1
426,Dark Humor,Image,TikTok,12,6390,1992,3268,2312,11996.0,1
427,Sarcastic,Image,Facebook,13,2912,7146,3282,1293,15649.5,1
428,Motivational,Image,TikTok,3,9726,16158,3940,546,24857.0,1
429,Sarcastic,Video,Twitter,17,9073,15860,1143,1840,20906.0,1
430,Motivational,Video,Twitter,3,5432,15254,1693,865,19937.5,1
431,Motivational,Image,Twitter,4,4933,8186,3900,2145,19203.5,1
432,Sarcastic,Image,Instagram,10,1883,6975,3749,240,14833.0,1
433,Sarcastic,Video,Instagram,16,914,12310,1716,1881,18563.5,1
434,Funny,Video,Twitter,19,5848,3404,3868,906,12499.0,1
435,Motivational,Image,Twitter,12,7725,10794,781,974,13817.0,1
436,Motivational,Image,Twitter,13,1727,13296,2804,315,19376.5,1
437,Motivational,Image,Twitter,8,3069,5893,4006,1116,15579.0,1
438,Funny,GIF,TikTok,18,5367,10269,195,1578,13026.0,1
439,Political,Image,Instagram,20,4973,2515,2186,1100,8537.0,1
440,Dark Humor,Image,TikTok,12,2393,18755,3250,3000,29755.0,1
441,Dark Humor,Video,Twitter,10,4822,1215,4388,451,10667.5,1
442,Motivational,GIF,Facebook,4,236,5614,1384,769,9535.5,1
443,Political,GIF,Twitter,20,2501,13592,1291,1719,18752.5,1
444,Political,GIF,Reddit,8,8234,8198,3733,1279,17582.5,1
445,Motivational,Image,Twitter,7,1657,873,4593,2586,13938.0,1
446,Dark Humor,GIF,TikTok,6,1500,18051,4817,936,29089.0,1
447,Political,GIF,Instagram,12,9546,2349,4840,2512,15797.0,1
448,Motivational,Image,Facebook,12,528,9326,1355,578,12903.0,1
449,Funny,Image,Reddit,12,707,5436,731,1142,8611.0,1
450,Political,Image,TikTok,20,6079,12742,3029,1663,21294.5,1
451,Dark Humor,Image,Reddit,8,3734,12472,1062,1523,16880.5,1
452,Sarcastic,GIF,TikTok,13,1303,14223,2190,1737,21208.5,1
453,Motivational,Image,TikTok,3,9565,3687,927,2404,9147.0,1
454,Sarcastic,Video,Facebook,3,2660,7155,2964,2237,16438.5,1
455,Funny,Image,Twitter,20,5764,7447,161,2619,11697.5,1
456,Dark Humor,GIF,Twitter,5,1031,4259,488,2604,9141.0,1
457,Funny,GIF,Twitter,9,7074,12530,635,1215,15622.5,1
458,Dark Humor,Image,Twitter,0,9961,14756,571,1114,17569.0,1
459,Political,GIF,Facebook,4,3599,15819,3494,2511,26573.5,1
460,Dark Humor,Video,Facebook,2,398,17827,1165,1240,22017.0,1
461,Funny,Image,Instagram,8,9650,9029,1735,1338,14506.0,1
462,Political,Image,TikTok,9,5185,12805,3090,2835,23237.5,1
463,Motivational,GIF,Reddit,8,5467,4278,2486,2907,13610.5,1
464,Political,Image,Reddit,0,3651,2033,3908,1425,11986.5,1
465,Funny,Video,Facebook,0,8518,6285,4043,354,14902.0,1
466,Dark Humor,Video,TikTok,6,6321,7524,1645,367,11364.5,1
467,Sarcastic,GIF,Reddit,20,296,7126,787,2997,13195.5,1
468,Funny,Video,TikTok,14,4697,10579,927,2465,16130.5,1
469,Dark Humor,GIF,Twitter,5,2178,9172,694,835,11812.5,1
470,Sarcastic,GIF,Reddit,3,7004,3207,4944,637,14050.5,1
471,Sarcastic,Image,Facebook,1,4712,256,2557,2238,8727.0,1
472,Funny,GIF,TikTok,2,8219,19276,1952,2681,27201.5,1
473,Sarcastic,Image,TikTok,17,1243,12545,3343,442,19894.0,1
474,Sarcastic,GIF,Instagram,9,4570,18951,4261,310,27938.0,1
475,Funny,GIF,Instagram,20,4982,6407,4614,2192,18923.0,1
476,Sarcastic,GIF,Instagram,15,771,14603,86,847,16045.5,1
477,Motivational,Image,Facebook,16,9066,9078,3492,2514,19833.0,1
478,Dark Humor,Video,Reddit,6,2654,3068,1066,577,6065.5,0
479,Motivational,GIF,Instagram,10,3175,7163,568,1521,10580.5,1
480,Dark Humor,Video,TikTok,20,1378,18444,4729,2943,32316.5,1
481,Dark Humor,GIF,Twitter,9,3833,5079,1306,2369,11244.5,1
482,Dark Humor,Video,Twitter,9,355,10607,56,87,10849.5,1
483,Sarcastic,Video,Reddit,7,5947,8022,1413,2399,14446.5,1
484,Sarcastic,Image,TikTok,4,7594,18127,4423,2873,31282.5,1
485,Dark Humor,Video,Facebook,7,3851,18841,3542,2697,29970.5,1
486,Funny,Video,Reddit,9,7919,5177,4393,2972,18421.0,1
487,Motivational,Image,Reddit,13,6281,11643,98,655,12821.5,1
488,Funny,Image,Twitter,11,6509,16411,1911,1579,22601.5,1
489,Funny,GIF,Facebook,5,5437,19279,1147,2853,25852.5,1
490,Dark Humor,Video,Reddit,0,1581,4883,4962,1248,16679.0,1
491,Political,Video,TikTok,9,7615,19498,4060,1384,29694.0,1
492,Funny,GIF,Instagram,0,2191,6214,1562,2318,12815.0,1
493,Funny,Video,Twitter,11,3919,12786,3490,2711,23832.5,1
494,Motivational,GIF,Reddit,17,7529,8556,2949,2256,17838.0,1
495,Funny,Video,Reddit,7,917,17615,3497,162,24852.0,1
496,Motivational,Image,Twitter,12,2006,7683,988,1449,11832.5,1
497,Funny,GIF,Reddit,8,3184,18867,1344,2177,24820.5,1
498,Sarcastic,GIF,Facebook,5,6875,1381,250,2513,5650.5,0
499,Funny,GIF,Reddit,19,6552,7588,2094,9,11789.5,1
500,Dark Humor,Image,Instagram,5,7975,18871,1157,578,22052.0,1
